% WEIGHTED ILI,%UNWEIGHTED ILI,AGE 0-4,AGE 5-24,ILITOTAL,NUM. OF PROVIDERS,OT
1.222620,1.166680,582.000000,805.000000,2060.000000,754.000000,176569.000000
1.333440,1.216500,683.000000,872.000000,2267.000000,785.000000,186355.000000
1.319290,1.130570,642.000000,878.000000,2176.000000,831.000000,192469.000000
1.494840,1.252460,728.000000,1045.000000,2599.000000,863.000000,207512.000000
1.471950,1.302370,823.000000,1189.000000,2907.000000,909.000000,223208.000000
1.580940,1.405510,887.000000,1272.000000,3225.000000,930.000000,229454.000000
1.494260,1.384370,851.000000,1173.000000,3097.000000,923.000000,223712.000000
1.405690,1.325630,802.000000,1166.000000,2967.000000,922.000000,223818.000000
1.614100,1.434750,834.000000,978.000000,2709.000000,918.000000,188814.000000
1.459670,1.254330,857.000000,1117.000000,3049.000000,937.000000,243078.000000
1.598960,1.257570,804.000000,1179.000000,2957.000000,928.000000,235136.000000
2.166970,1.580170,951.000000,1404.000000,3416.000000,908.000000,216179.000000
2.578420,1.980080,915.000000,937.000000,2857.000000,865.000000,144287.000000
2.386360,1.904280,1028.000000,1019.000000,3260.000000,879.000000,171193.000000
1.736210,1.590100,1068.000000,1296.000000,3729.000000,926.000000,234513.000000
2.062960,1.815590,1154.000000,1798.000000,4204.000000,902.000000,231550.000000
2.581130,2.418010,1373.000000,2998.000000,5696.000000,927.000000,235566.000000
2.939090,2.866350,1411.000000,4064.000000,7079.000000,884.000000,246969.000000
3.225390,3.166620,1606.000000,4447.000000,7782.000000,889.000000,245751.000000
3.069820,3.015500,1568.000000,4224.000000,7649.000000,903.000000,253656.000000
3.200440,2.997800,1694.000000,3689.000000,7228.000000,871.000000,241110.000000
2.448880,2.319570,1336.000000,2583.000000,5606.000000,857.000000,241683.000000
2.134400,1.947070,1015.000000,2103.000000,4450.000000,839.000000,228549.000000
1.998660,1.729850,880.000000,1669.000000,3810.000000,835.000000,220250.000000
1.938490,1.518370,737.000000,1321.000000,2987.000000,795.000000,196724.000000
1.412930,1.226160,624.000000,1016.000000,2439.000000,775.000000,198913.000000
1.234720,1.054330,506.000000,846.000000,2028.000000,741.000000,192349.000000
1.200050,1.071080,569.000000,799.000000,2082.000000,735.000000,194383.000000
0.910135,0.826120,440.000000,539.000000,1467.000000,669.000000,177577.000000
0.932265,0.820505,429.000000,508.000000,1445.000000,682.000000,176111.000000
0.692175,0.630846,275.000000,444.000000,1075.000000,655.000000,170406.000000
0.669406,0.639350,215.000000,471.000000,1005.000000,613.000000,157191.000000
0.727705,0.586609,248.000000,283.000000,836.000000,547.000000,142514.000000
0.717701,0.773024,264.000000,262.000000,740.000000,406.000000,95728.000000
0.789394,0.790743,213.000000,205.000000,641.000000,393.000000,81063.000000
0.722129,0.711847,201.000000,195.000000,563.000000,344.000000,79090.000000
0.591326,0.794637,198.000000,187.000000,620.000000,341.000000,78023.000000
0.523070,0.586604,139.000000,123.000000,423.000000,322.000000,72110.000000
0.450236,0.615982,122.000000,124.000000,441.000000,322.000000,71593.000000
0.397421,0.491507,109.000000,91.000000,318.000000,310.000000,64699.000000
0.448002,0.604341,137.000000,141.000000,441.000000,308.000000,72972.000000
0.474767,0.524478,98.000000,98.000000,365.000000,301.000000,69593.000000
0.453251,0.590692,112.000000,139.000000,420.000000,302.000000,71103.000000
0.352158,0.505135,100.000000,120.000000,361.000000,290.000000,71466.000000
0.525322,0.634271,136.000000,125.000000,443.000000,295.000000,69844.000000
0.492991,0.610118,120.000000,131.000000,421.000000,283.000000,69003.000000
0.542728,0.641227,159.000000,144.000000,450.000000,277.000000,70178.000000
0.490347,0.661429,166.000000,155.000000,463.000000,276.000000,70000.000000
0.735914,0.792681,177.000000,182.000000,519.000000,271.000000,65474.000000
0.581771,0.639059,145.000000,184.000000,475.000000,267.000000,74328.000000
0.654162,0.636732,136.000000,183.000000,461.000000,264.000000,72401.000000
0.749504,0.747829,135.000000,221.000000,533.000000,268.000000,71273.000000
0.884021,0.960873,808.000000,881.000000,2442.000000,830.000000,254144.000000
1.027730,1.043250,913.000000,1132.000000,2932.000000,931.000000,281045.000000
1.282960,1.054500,878.000000,1147.000000,3031.000000,974.000000,287436.000000
1.326610,1.112310,1006.000000,1369.000000,3475.000000,1007.000000,312412.000000
1.773040,1.412740,1207.000000,2080.000000,4690.000000,1074.000000,331980.000000
2.438140,1.727030,1542.000000,2735.000000,5790.000000,1111.000000,335258.000000
2.726050,2.407000,2185.000000,4133.000000,8385.000000,1141.000000,348359.000000
3.731920,3.109620,2561.000000,5684.000000,11141.000000,1129.000000,358275.000000
4.548940,4.307790,3247.000000,4933.000000,11742.000000,1118.000000,272576.000000
5.399060,4.830300,4734.000000,7817.000000,18948.000000,1189.000000,392274.000000
7.387350,6.429050,6620.000000,11550.000000,24962.000000,1173.000000,388269.000000
7.480970,6.867340,6434.000000,9851.000000,23699.000000,1148.000000,345097.000000
7.627970,7.064960,5336.000000,5231.000000,16415.000000,1122.000000,232344.000000
5.140510,4.551150,3391.000000,2894.000000,11332.000000,1139.000000,248992.000000
2.891290,2.418330,1930.000000,2299.000000,7602.000000,1160.000000,314349.000000
2.104290,1.809060,1679.000000,1857.000000,5583.000000,1141.000000,308614.000000
1.886960,1.712020,1721.000000,1604.000000,4961.000000,1084.000000,289774.000000
1.776600,1.542500,1487.000000,1543.000000,4436.000000,1071.000000,287586.000000
1.460010,1.437870,1454.000000,1448.000000,4251.000000,1054.000000,295646.000000
1.377870,1.324270,1420.000000,1297.000000,3824.000000,986.000000,288762.000000
1.305320,1.307260,1301.000000,1255.000000,3691.000000,1004.000000,282347.000000
1.086910,1.036980,956.000000,1038.000000,2916.000000,948.000000,281202.000000
0.991888,1.010320,925.000000,910.000000,2744.000000,894.000000,271597.000000
1.027650,1.052490,878.000000,888.000000,2708.000000,897.000000,257294.000000
1.057900,1.020090,730.000000,826.000000,2487.000000,849.000000,243802.000000
0.849361,0.924419,760.000000,733.000000,2300.000000,859.000000,248805.000000
0.747127,0.790645,610.000000,611.000000,1858.000000,828.000000,234998.000000
0.661708,0.802610,583.000000,566.000000,1705.000000,774.000000,212432.000000
0.679514,0.836130,545.000000,573.000000,1749.000000,755.000000,209178.000000
0.633071,0.792436,501.000000,511.000000,1615.000000,679.000000,203802.000000
0.569894,0.683588,470.000000,404.000000,1331.000000,658.000000,194708.000000
0.591357,0.757452,435.000000,491.000000,1394.000000,629.000000,184038.000000
0.589044,0.788585,449.000000,443.000000,1327.000000,599.000000,168276.000000
0.678640,0.812171,451.000000,380.000000,1262.000000,553.000000,155386.000000
0.637558,0.804463,375.000000,349.000000,1070.000000,463.000000,133008.000000
0.813309,0.877701,391.000000,308.000000,1061.000000,452.000000,120884.000000
0.834551,0.741453,355.000000,309.000000,987.000000,443.000000,133117.000000
0.616174,0.661022,307.000000,240.000000,851.000000,426.000000,128740.000000
0.513286,0.715109,277.000000,284.000000,887.000000,423.000000,124037.000000
0.351881,0.562241,238.000000,183.000000,698.000000,408.000000,124146.000000
0.542621,0.786808,233.000000,205.000000,710.000000,381.000000,90238.000000
0.581036,0.860658,249.000000,280.000000,836.000000,378.000000,97135.000000
0.495486,0.689944,259.000000,200.000000,659.000000,370.000000,95515.000000
0.612090,0.779691,260.000000,230.000000,719.000000,363.000000,92216.000000
0.531491,0.628144,213.000000,235.000000,733.000000,345.000000,116693.000000
0.519987,0.902459,243.000000,256.000000,809.000000,334.000000,89644.000000
0.574476,0.806443,256.000000,256.000000,770.000000,335.000000,95481.000000
0.663175,0.874888,259.000000,265.000000,799.000000,333.000000,91326.000000
0.614691,0.993213,279.000000,358.000000,960.000000,326.000000,96656.000000
0.656823,0.876141,281.000000,309.000000,913.000000,337.000000,104207.000000
0.723016,0.948092,342.000000,413.000000,1122.000000,341.000000,118343.000000
0.691857,0.926943,322.000000,416.000000,1089.000000,336.000000,117483.000000
0.782758,0.971643,333.000000,382.000000,1116.000000,364.000000,114857.000000
0.982275,0.897159,877.000000,1256.000000,3171.000000,1176.000000,353449.000000
1.018210,1.022480,1071.000000,1373.000000,3631.000000,1187.000000,355116.000000
1.176800,1.062960,1240.000000,1534.000000,4019.000000,1267.000000,378094.000000
1.301210,1.146960,1190.000000,1671.000000,4369.000000,1293.000000,380921.000000
1.277460,1.204950,1327.000000,1718.000000,4551.000000,1302.000000,377692.000000
1.403870,1.305170,1497.000000,1874.000000,4969.000000,1344.000000,380718.000000
1.403010,1.286990,1531.000000,1874.000000,4983.000000,1336.000000,387182.000000
1.739750,1.594680,1490.000000,1678.000000,4713.000000,1341.000000,295546.000000
1.568940,1.397140,1538.000000,2059.000000,5407.000000,1369.000000,387004.000000
1.659270,1.449960,1551.000000,2052.000000,5428.000000,1346.000000,374356.000000
1.813410,1.617450,1670.000000,2071.000000,5755.000000,1379.000000,355806.000000
2.376260,2.191120,1856.000000,1807.000000,5689.000000,1288.000000,259639.000000
2.770520,2.566490,2252.000000,1993.000000,7279.000000,1332.000000,283617.000000
2.400640,2.176450,2010.000000,2450.000000,8041.000000,1383.000000,369455.000000
2.541550,2.201710,2188.000000,2982.000000,8323.000000,1342.000000,378024.000000
2.858710,2.530120,2199.000000,3682.000000,9328.000000,1348.000000,368678.000000
3.550110,3.065240,2747.000000,5364.000000,12422.000000,1334.000000,405254.000000
4.585910,3.980610,3086.000000,7650.000000,16192.000000,1303.000000,406772.000000
5.058090,4.595680,3626.000000,8854.000000,19369.000000,1324.000000,421461.000000
5.441510,4.751970,3834.000000,8400.000000,19931.000000,1330.000000,419426.000000
4.472900,4.179620,3720.000000,6759.000000,16630.000000,1280.000000,397883.000000
3.675200,3.453590,2997.000000,5343.000000,13234.000000,1268.000000,383196.000000
3.335300,3.158520,2728.000000,4494.000000,11601.000000,1227.000000,367292.000000
2.762240,2.673200,2416.000000,3513.000000,9502.000000,1185.000000,355454.000000
2.468440,2.351610,2145.000000,2771.000000,7900.000000,1148.000000,335940.000000
2.000810,1.892430,1827.000000,2133.000000,6329.000000,1103.000000,334438.000000
1.543190,1.524900,1422.000000,1737.000000,4816.000000,1048.000000,315823.000000
1.501950,1.411340,1356.000000,1603.000000,4445.000000,1000.000000,314948.000000
1.229180,1.250680,1096.000000,1469.000000,3825.000000,978.000000,305833.000000
1.218540,1.207020,1117.000000,1411.000000,3646.000000,971.000000,302065.000000
1.158320,1.078950,903.000000,1136.000000,2990.000000,923.000000,277120.000000
1.249000,1.145210,979.000000,1115.000000,3012.000000,878.000000,263009.000000
1.168880,1.061240,805.000000,926.000000,2531.000000,825.000000,238494.000000
1.078880,1.056800,687.000000,695.000000,2056.000000,687.000000,194550.000000
1.230590,1.251930,693.000000,678.000000,2099.000000,637.000000,167661.000000
1.147470,1.014190,548.000000,594.000000,1744.000000,603.000000,171960.000000
1.002540,1.041970,573.000000,507.000000,1614.000000,582.000000,154899.000000
0.957569,0.954027,580.000000,507.000000,1628.000000,587.000000,170645.000000
0.894837,0.848230,497.000000,452.000000,1359.000000,550.000000,160216.000000
0.798205,0.841872,426.000000,390.000000,1198.000000,533.000000,142302.000000
0.757812,0.730894,389.000000,361.000000,1148.000000,524.000000,157068.000000
0.825963,0.713432,333.000000,364.000000,1068.000000,507.000000,149699.000000
0.744927,0.670677,328.000000,327.000000,990.000000,492.000000,147612.000000
0.787049,0.689278,331.000000,326.000000,982.000000,488.000000,142468.000000
0.684724,0.704929,319.000000,350.000000,1023.000000,479.000000,145121.000000
0.747361,0.615903,330.000000,326.000000,928.000000,480.000000,150673.000000
0.673974,0.609426,292.000000,311.000000,922.000000,428.000000,151290.000000
0.869662,0.680259,342.000000,367.000000,1033.000000,420.000000,151854.000000
0.899529,0.775488,338.000000,396.000000,1061.000000,416.000000,136817.000000
0.854635,0.683421,302.000000,383.000000,1026.000000,408.000000,150127.000000
1.011230,0.781075,368.000000,516.000000,1219.000000,419.000000,156067.000000
0.977808,0.806943,381.000000,484.000000,1204.000000,447.000000,149205.000000
1.177780,1.076350,1172.000000,1256.000000,3586.000000,1113.000000,333164.000000
1.219470,1.058690,1285.000000,1247.000000,3582.000000,1160.000000,338343.000000
1.306900,1.115230,1393.000000,1525.000000,4122.000000,1216.000000,369609.000000
1.339310,1.123810,1439.000000,1599.000000,4248.000000,1237.000000,377999.000000
1.583740,1.254890,1639.000000,1894.000000,5005.000000,1280.000000,398840.000000
1.470720,1.336610,1563.000000,1929.000000,5038.000000,1272.000000,376924.000000
1.611200,1.378640,1679.000000,1951.000000,5276.000000,1277.000000,382697.000000
1.826990,1.608290,1666.000000,1593.000000,4802.000000,1301.000000,298578.000000
1.774820,1.483110,1858.000000,2176.000000,5966.000000,1325.000000,402264.000000
1.944510,1.653740,1987.000000,2463.000000,6371.000000,1328.000000,385248.000000
2.355120,2.006790,2241.000000,3063.000000,7697.000000,1318.000000,383548.000000
3.108780,2.568570,2696.000000,3058.000000,8577.000000,1287.000000,333921.000000
3.282380,3.052780,2678.000000,2561.000000,8842.000000,1273.000000,289638.000000
2.629140,2.425040,2422.000000,2366.000000,8339.000000,1319.000000,343871.000000
2.251500,2.001950,2272.000000,2921.000000,7882.000000,1339.000000,393716.000000
2.358580,2.058690,2249.000000,3150.000000,7858.000000,1297.000000,381699.000000
2.418810,2.212770,2643.000000,3646.000000,9114.000000,1331.000000,411882.000000
2.527520,2.322200,2612.000000,4153.000000,9551.000000,1320.000000,411291.000000
2.649540,2.492790,2754.000000,4593.000000,10427.000000,1311.000000,418286.000000
3.129350,2.794890,2624.000000,4979.000000,11226.000000,1288.000000,401661.000000
3.124420,2.969110,2753.000000,5284.000000,11901.000000,1288.000000,400827.000000
3.130990,2.839590,2579.000000,5008.000000,11343.000000,1275.000000,399459.000000
3.082610,2.777990,2564.000000,5106.000000,11261.000000,1257.000000,405365.000000
2.644310,2.472870,2330.000000,4154.000000,9322.000000,1241.000000,376971.000000
2.422950,2.180610,1895.000000,3709.000000,8064.000000,1217.000000,369804.000000
2.311410,2.016800,1697.000000,3393.000000,7313.000000,1165.000000,362605.000000
1.863830,1.641010,1437.000000,2660.000000,5738.000000,1133.000000,349662.000000
1.449430,1.358290,1181.000000,2014.000000,4547.000000,1087.000000,334760.000000
1.302270,1.142800,959.000000,1479.000000,3550.000000,1045.000000,310641.000000
1.134590,1.040310,836.000000,1382.000000,3177.000000,1017.000000,305389.000000
1.062550,0.964347,745.000000,1208.000000,2780.000000,958.000000,288278.000000
1.034280,0.937982,745.000000,1039.000000,2592.000000,919.000000,276338.000000
1.017910,0.947449,715.000000,969.000000,2428.000000,877.000000,256267.000000
0.918151,0.891918,699.000000,764.000000,2061.000000,783.000000,231075.000000
0.930990,0.864643,572.000000,561.000000,1645.000000,649.000000,190252.000000
0.857294,0.970320,754.000000,626.000000,2075.000000,635.000000,213847.000000
0.786294,0.844390,514.000000,447.000000,1430.000000,615.000000,169353.000000
0.719426,0.774870,463.000000,409.000000,1300.000000,610.000000,167770.000000
0.718868,0.821372,466.000000,390.000000,1271.000000,572.000000,154741.000000
0.774807,0.872745,437.000000,402.000000,1215.000000,565.000000,139216.000000
0.765980,0.922635,549.000000,511.000000,1617.000000,577.000000,175259.000000
0.642809,0.899487,541.000000,440.000000,1553.000000,564.000000,172654.000000
0.622033,0.843082,502.000000,403.000000,1455.000000,564.000000,172581.000000
0.616326,0.881824,508.000000,430.000000,1428.000000,551.000000,161937.000000
0.685694,0.817145,473.000000,435.000000,1373.000000,547.000000,168024.000000
0.622697,0.871500,510.000000,466.000000,1457.000000,536.000000,167183.000000
0.611817,0.738621,404.000000,379.000000,1138.000000,503.000000,154071.000000
0.638831,0.797966,398.000000,457.000000,1224.000000,488.000000,153390.000000
0.806627,1.013940,492.000000,506.000000,1463.000000,491.000000,144289.000000
0.762448,0.880936,446.000000,521.000000,1406.000000,487.000000,159603.000000
0.813406,0.943366,511.000000,534.000000,1487.000000,455.000000,157627.000000
0.807934,0.891546,476.000000,512.000000,1433.000000,469.000000,160732.000000
1.153840,1.203220,1434.000000,1699.000000,4513.000000,1323.000000,375076.000000
1.148190,1.057880,1278.000000,1602.000000,4072.000000,1361.000000,384920.000000
1.227360,1.130540,1543.000000,1830.000000,4737.000000,1425.000000,419005.000000
1.217440,1.125520,1582.000000,1996.000000,4888.000000,1445.000000,434287.000000
1.328130,1.208080,1672.000000,2270.000000,5380.000000,1473.000000,445334.000000
1.477540,1.349520,2112.000000,2393.000000,6139.000000,1497.000000,454901.000000
1.533900,1.468900,2355.000000,2681.000000,6668.000000,1474.000000,453945.000000
1.912690,1.827670,2188.000000,2202.000000,6156.000000,1488.000000,336822.000000
1.838000,1.665600,2573.000000,2792.000000,7530.000000,1486.000000,452089.000000
1.953760,1.859680,2643.000000,3244.000000,8122.000000,1493.000000,436741.000000
2.404070,2.388910,3270.000000,4470.000000,10396.000000,1492.000000,435177.000000
2.874530,2.789780,3387.000000,4065.000000,10192.000000,1435.000000,365334.000000
3.025970,3.115490,3243.000000,2868.000000,8913.000000,1359.000000,286087.000000
2.378170,2.269420,2927.000000,2481.000000,8386.000000,1490.000000,369521.000000
2.092320,1.863550,2507.000000,2756.000000,7761.000000,1467.000000,416464.000000
2.293960,1.999860,2548.000000,3248.000000,7909.000000,1470.000000,395477.000000
2.745010,2.440600,3410.000000,4684.000000,10888.000000,1495.000000,446119.000000
3.044340,2.830180,3456.000000,5648.000000,12120.000000,1472.000000,428241.000000
3.499990,3.123430,3840.000000,6995.000000,14197.000000,1484.000000,454533.000000
3.578510,3.270190,3879.000000,6668.000000,14031.000000,1461.000000,429057.000000
3.289790,3.177570,3728.000000,6537.000000,14048.000000,1460.000000,442099.000000
2.891490,2.723640,3016.000000,5429.000000,11801.000000,1428.000000,433281.000000
2.620750,2.502010,2798.000000,4937.000000,10715.000000,1408.000000,428255.000000
2.533870,2.427200,2668.000000,4031.000000,9597.000000,1361.000000,395394.000000
2.072510,1.960410,2049.000000,3307.000000,7562.000000,1333.000000,385735.000000
1.870840,1.591400,1664.000000,2508.000000,6148.000000,1303.000000,386327.000000
1.400420,1.369780,1445.000000,1803.000000,4958.000000,1284.000000,361955.000000
1.468870,1.363170,1429.000000,1821.000000,4869.000000,1240.000000,357183.000000
1.155140,1.173700,1257.000000,1523.000000,4179.000000,1206.000000,356055.000000
1.079010,1.063580,1152.000000,1386.000000,3695.000000,1152.000000,347413.000000
0.984920,0.969711,969.000000,1143.000000,3077.000000,1119.000000,317311.000000
1.033250,0.965362,917.000000,1055.000000,2860.000000,1057.000000,296262.000000
0.926649,0.856749,815.000000,861.000000,2442.000000,1025.000000,285031.000000
0.920100,0.863346,761.000000,785.000000,2243.000000,925.000000,259803.000000
0.954094,0.935370,722.000000,652.000000,2058.000000,831.000000,220020.000000
0.763278,0.745569,628.000000,510.000000,1679.000000,796.000000,225197.000000
0.817220,0.740428,598.000000,469.000000,1614.000000,771.000000,217982.000000
0.764586,0.672897,521.000000,441.000000,1456.000000,749.000000,216378.000000
0.793127,0.666282,514.000000,408.000000,1455.000000,742.000000,218376.000000
0.669090,0.662747,394.000000,360.000000,1169.000000,711.000000,176387.000000
0.621150,0.545619,366.000000,372.000000,1086.000000,697.000000,199040.000000
0.603659,0.586231,446.000000,345.000000,1211.000000,698.000000,206574.000000
0.649058,0.660687,477.000000,392.000000,1356.000000,691.000000,205241.000000
0.568338,0.534093,321.000000,311.000000,1037.000000,677.000000,194161.000000
0.651546,0.585549,389.000000,385.000000,1172.000000,667.000000,200154.000000
0.652176,0.618075,439.000000,411.000000,1283.000000,666.000000,207580.000000
0.803849,0.687465,495.000000,457.000000,1448.000000,671.000000,210629.000000
0.787458,0.715696,502.000000,500.000000,1526.000000,652.000000,213219.000000
0.943263,0.829313,519.000000,545.000000,1554.000000,641.000000,187384.000000
0.946932,0.800912,496.000000,682.000000,1694.000000,638.000000,211509.000000
0.987146,0.918484,609.000000,681.000000,1913.000000,632.000000,208278.000000
1.052060,0.814259,729.000000,788.000000,2228.000000,703.000000,273623.000000
0.995184,1.071970,2187.000000,1997.000000,5641.000000,1373.000000,526227.000000
1.220030,1.217860,2387.000000,2433.000000,6444.000000,1429.000000,529126.000000
1.285480,1.245760,2583.000000,2551.000000,6941.000000,1449.000000,557172.000000
1.377500,1.359840,2871.000000,2788.000000,7434.000000,1477.000000,546680.000000
1.467250,1.446710,3074.000000,2998.000000,7915.000000,1485.000000,547104.000000
1.558410,1.532860,3398.000000,3303.000000,8687.000000,1539.000000,566717.000000
1.619580,1.666530,3563.000000,3290.000000,9104.000000,1516.000000,546284.000000
1.811200,1.974880,3651.000000,2631.000000,8570.000000,1523.000000,433951.000000
1.618650,1.673050,3679.000000,3158.000000,9171.000000,1513.000000,548159.000000
1.621240,1.634050,3365.000000,2907.000000,8436.000000,1487.000000,516263.000000
1.673510,1.745950,3298.000000,2694.000000,8091.000000,1453.000000,463416.000000
1.950960,1.936430,3580.000000,2724.000000,8750.000000,1420.000000,451862.000000
2.500190,2.489050,3848.000000,2348.000000,8902.000000,1426.000000,357646.000000
2.439390,2.254050,3737.000000,2568.000000,9706.000000,1486.000000,430603.000000
2.293190,2.091470,3393.000000,3644.000000,11115.000000,1509.000000,531444.000000
2.629070,2.359340,3664.000000,4900.000000,12197.000000,1511.000000,516966.000000
3.929660,3.323310,4289.000000,7661.000000,17171.000000,1508.000000,516683.000000
4.992020,4.433810,5222.000000,11974.000000,24812.000000,1514.000000,559609.000000
5.777600,5.345470,6059.000000,15323.000000,31896.000000,1526.000000,596692.000000
5.983180,5.422580,6244.000000,14336.000000,31625.000000,1518.000000,583210.000000
5.616770,5.303030,5922.000000,12783.000000,30245.000000,1497.000000,570334.000000
4.532340,4.244560,4978.000000,9958.000000,25027.000000,1453.000000,589626.000000
3.832490,3.628000,4420.000000,7849.000000,20254.000000,1445.000000,558269.000000
3.215220,3.034630,3878.000000,6112.000000,16714.000000,1412.000000,550776.000000
2.692450,2.535950,3153.000000,4493.000000,13040.000000,1395.000000,514205.000000
2.033660,2.057300,2689.000000,3395.000000,10376.000000,1379.000000,504350.000000
1.652750,1.741500,2372.000000,2697.000000,8583.000000,1327.000000,492850.000000
1.311300,1.406520,2045.000000,2354.000000,7045.000000,1318.000000,500881.000000
1.165200,1.268610,1857.000000,2013.000000,6079.000000,1288.000000,479187.000000
1.020350,1.077190,1572.000000,1713.000000,4953.000000,1208.000000,459808.000000
0.877607,0.993445,1466.000000,1416.000000,4224.000000,1147.000000,425187.000000
0.825107,0.911212,1356.000000,1381.000000,4011.000000,1098.000000,440183.000000
0.787315,0.972109,1439.000000,1274.000000,3904.000000,1074.000000,401601.000000
0.805439,0.993258,1393.000000,1116.000000,3646.000000,945.000000,367075.000000
0.886061,1.091320,1473.000000,1083.000000,3803.000000,869.000000,348477.000000
0.743743,0.888446,1159.000000,906.000000,2933.000000,789.000000,330127.000000
0.706842,0.887691,1113.000000,886.000000,2906.000000,764.000000,327366.000000
0.655943,0.883187,1115.000000,855.000000,2842.000000,755.000000,321789.000000
0.633492,0.826756,937.000000,810.000000,2534.000000,730.000000,306499.000000
0.571837,0.783201,913.000000,762.000000,2405.000000,713.000000,307073.000000
0.558278,0.780610,881.000000,749.000000,2431.000000,710.000000,311423.000000
0.597893,0.769073,826.000000,703.000000,2319.000000,696.000000,301532.000000
0.577222,0.721298,779.000000,704.000000,2166.000000,694.000000,300292.000000
0.596987,0.752527,788.000000,763.000000,2289.000000,676.000000,304175.000000
0.564653,0.752721,679.000000,706.000000,2220.000000,668.000000,294930.000000
0.585682,0.792766,789.000000,745.000000,2368.000000,657.000000,298701.000000
0.503985,0.743896,730.000000,754.000000,2237.000000,657.000000,300714.000000
0.468139,0.814166,794.000000,892.000000,2429.000000,636.000000,298342.000000
0.576455,0.838401,774.000000,880.000000,2461.000000,666.000000,293535.000000
0.681361,0.851124,859.000000,994.000000,2788.000000,685.000000,327567.000000
0.794764,1.109760,1062.000000,1527.000000,3735.000000,679.000000,336560.000000
0.868116,1.031140,983.000000,1306.000000,3400.000000,716.000000,329731.000000
1.068280,1.022840,1535.000000,2352.000000,5687.000000,1435.000000,555999.000000
1.007560,1.030170,1861.000000,2291.000000,5959.000000,1500.000000,578446.000000
0.979399,1.012450,1869.000000,2219.000000,5896.000000,1525.000000,582351.000000
1.049430,1.083590,1976.000000,2474.000000,6485.000000,1527.000000,598473.000000
1.132180,1.165780,2119.000000,2547.000000,6987.000000,1545.000000,599343.000000
1.131560,1.191300,2276.000000,2668.000000,7297.000000,1555.000000,612526.000000
1.154690,1.280750,2512.000000,2854.000000,7667.000000,1555.000000,598635.000000
1.204480,1.270530,2600.000000,2828.000000,7733.000000,1563.000000,608646.000000
1.360810,1.595780,3024.000000,2412.000000,7634.000000,1523.000000,478386.000000
1.303220,1.458500,3114.000000,2913.000000,8708.000000,1551.000000,597052.000000
1.302040,1.499210,3252.000000,3024.000000,8689.000000,1543.000000,579573.000000
1.451090,1.629820,3137.000000,2579.000000,7812.000000,1416.000000,479318.000000
1.799270,2.155610,3897.000000,2367.000000,8706.000000,1484.000000,403876.000000
2.121340,2.020530,3814.000000,2042.000000,8603.000000,1490.000000,425780.000000
1.471380,1.545660,3245.000000,2548.000000,8956.000000,1539.000000,579428.000000
1.615550,1.642240,3142.000000,3345.000000,9289.000000,1512.000000,565631.000000
1.953330,1.965240,3602.000000,4597.000000,11456.000000,1566.000000,582932.000000
2.429070,2.343680,4039.000000,6602.000000,14324.000000,1554.000000,611176.000000
2.966860,2.860570,4606.000000,8882.000000,18268.000000,1580.000000,638613.000000
3.573540,3.342100,5064.000000,11215.000000,21667.000000,1569.000000,648304.000000
3.366530,3.205660,4848.000000,9851.000000,20022.000000,1543.000000,624583.000000
3.296200,3.100490,4694.000000,10092.000000,20450.000000,1544.000000,659573.000000
3.172270,2.958190,4420.000000,9116.000000,18441.000000,1534.000000,623389.000000
2.580400,2.463810,4046.000000,7446.000000,15711.000000,1524.000000,637672.000000
2.429220,2.192720,3657.000000,6036.000000,13277.000000,1494.000000,605503.000000
1.990280,1.873950,3237.000000,5052.000000,11400.000000,1470.000000,608342.000000
1.724230,1.648170,2829.000000,4283.000000,9669.000000,1440.000000,586651.000000
1.603550,1.498780,2577.000000,3407.000000,8460.000000,1422.000000,564460.000000
1.284180,1.292330,2371.000000,2761.000000,7222.000000,1415.000000,558837.000000
1.293200,1.271640,2353.000000,2855.000000,7348.000000,1445.000000,577836.000000
2.740120,2.981590,4821.000000,8043.000000,18627.000000,1405.000000,624734.000000
2.223910,2.437020,3920.000000,6221.000000,14578.000000,1422.000000,598189.000000
1.766570,2.281300,3236.000000,5888.000000,12554.000000,1372.000000,550300.000000
1.921710,3.815720,4188.000000,12026.000000,20774.000000,1331.000000,544432.000000
1.861100,4.213150,4496.000000,12461.000000,22394.000000,1314.000000,531526.000000
1.684230,3.178320,3865.000000,8615.000000,17105.000000,1305.000000,538177.000000
1.739300,2.509720,3072.000000,5660.000000,12392.000000,1296.000000,493761.000000
1.830010,2.066320,2623.000000,4740.000000,10780.000000,1280.000000,521701.000000
1.581280,1.718050,2299.000000,3700.000000,8801.000000,1279.000000,512268.000000
1.491720,1.559650,2145.000000,2893.000000,7422.000000,1237.000000,475877.000000
1.389000,1.308560,1701.000000,2481.000000,6290.000000,1246.000000,480680.000000
1.347020,1.186950,1581.000000,2437.000000,5964.000000,1248.000000,502466.000000
1.160560,1.137960,1608.000000,2285.000000,5735.000000,1248.000000,503971.000000
1.208500,1.150050,1519.000000,2199.000000,5587.000000,1254.000000,485804.000000
1.155440,1.112620,1651.000000,2082.000000,5526.000000,1230.000000,496666.000000
1.145180,1.161420,1645.000000,2321.000000,5877.000000,1234.000000,506019.000000
1.466400,1.641070,2167.000000,4210.000000,8941.000000,1286.000000,544827.000000
2.380170,2.471660,2883.000000,8253.000000,14556.000000,1320.000000,588916.000000
3.446810,3.719690,3713.000000,13114.000000,21350.000000,1358.000000,573972.000000
4.053150,3.949750,4087.000000,13407.000000,22561.000000,1367.000000,571201.000000
4.266210,4.087560,4445.000000,15326.000000,26091.000000,1380.000000,638302.000000
4.215790,4.018970,4462.000000,14152.000000,24454.000000,1313.000000,608464.000000
4.886100,4.603620,4974.000000,16291.000000,27919.000000,1331.000000,606458.000000
6.069230,5.660870,9302.000000,27406.000000,48420.000000,2056.000000,855346.000000
7.094670,6.815220,11527.000000,32585.000000,58196.000000,2134.000000,853912.000000
7.715100,7.618890,13187.000000,39364.000000,69068.000000,2162.000000,906536.000000
7.551340,7.388360,13174.000000,36860.000000,66411.000000,2167.000000,898860.000000
6.671180,6.339270,12161.000000,30860.000000,57017.000000,2197.000000,899425.000000
5.206330,4.943490,10151.000000,21112.000000,42729.000000,2191.000000,864348.000000
4.044770,3.809960,8979.000000,14652.000000,32520.000000,2157.000000,853552.000000
3.497220,3.441060,7716.000000,8237.000000,22508.000000,2146.000000,654101.000000
2.690230,2.667730,7195.000000,7988.000000,21730.000000,2122.000000,814550.000000
2.471190,2.471830,6490.000000,7218.000000,19325.000000,2093.000000,781811.000000
2.447730,2.345000,6275.000000,5785.000000,17081.000000,2014.000000,728401.000000
2.645940,2.714350,6078.000000,4127.000000,14575.000000,1934.000000,536961.000000
2.615670,2.676670,6598.000000,3726.000000,15613.000000,1937.000000,583299.000000
1.907120,1.982840,4998.000000,3961.000000,14299.000000,1996.000000,721138.000000
1.867380,1.827490,4877.000000,4614.000000,14088.000000,2016.000000,770895.000000
1.880720,1.926060,5399.000000,5079.000000,14757.000000,2053.000000,766177.000000
1.969080,1.924950,5333.000000,5655.000000,15122.000000,2026.000000,785580.000000
2.113870,2.088770,5816.000000,6142.000000,16037.000000,1996.000000,767773.000000
2.096950,2.034340,5496.000000,5577.000000,15381.000000,1977.000000,756068.000000
1.902940,1.976490,5388.000000,5536.000000,15065.000000,1954.000000,762208.000000
1.969510,1.993620,5040.000000,6207.000000,16087.000000,1990.000000,806925.000000
1.923310,1.853830,4281.000000,5685.000000,14486.000000,1953.000000,781411.000000
1.896590,1.867300,4612.000000,5270.000000,14354.000000,1946.000000,768702.000000
1.751810,1.699870,4063.000000,4466.000000,12601.000000,1933.000000,741293.000000
1.526320,1.497410,3625.000000,4108.000000,11191.000000,1917.000000,747358.000000
1.495720,1.451120,3408.000000,3733.000000,10359.000000,1875.000000,713863.000000
1.223130,1.207150,3090.000000,2933.000000,8813.000000,1850.000000,730068.000000
1.177540,1.174150,3117.000000,3110.000000,8801.000000,1831.000000,749563.000000
1.091120,1.162070,2921.000000,3044.000000,8362.000000,1765.000000,719580.000000
1.119580,1.172130,3081.000000,2972.000000,8440.000000,1755.000000,720054.000000
1.081690,1.121680,2781.000000,2901.000000,7914.000000,1710.000000,705551.000000
1.124970,1.149810,2851.000000,2645.000000,7697.000000,1664.000000,669414.000000
1.061970,1.133280,2816.000000,2553.000000,7603.000000,1624.000000,670887.000000
1.089090,1.081710,2636.000000,2188.000000,6853.000000,1497.000000,633532.000000
1.177600,1.199590,2413.000000,2172.000000,6595.000000,1421.000000,549773.000000
0.974930,0.952808,2147.000000,1831.000000,5755.000000,1435.000000,604004.000000
0.987132,0.916032,1975.000000,1784.000000,5316.000000,1405.000000,580329.000000
0.995991,0.926582,2027.000000,1779.000000,5334.000000,1384.000000,575664.000000
0.904726,0.869620,1754.000000,1541.000000,4718.000000,1347.000000,542536.000000
0.941927,0.903133,1753.000000,1566.000000,4691.000000,1353.000000,519414.000000
0.880415,0.773776,1458.000000,1450.000000,4234.000000,1284.000000,547187.000000
0.842615,0.742774,1323.000000,1335.000000,3950.000000,1265.000000,531790.000000
0.858382,0.730934,1290.000000,1279.000000,3850.000000,1250.000000,526723.000000
0.833830,0.786882,1381.000000,1357.000000,4077.000000,1241.000000,518121.000000
0.847437,0.763051,1378.000000,1307.000000,4008.000000,1212.000000,525260.000000
0.888273,0.841043,1485.000000,1592.000000,4518.000000,1225.000000,537190.000000
0.765372,0.791573,1520.000000,1592.000000,4420.000000,1235.000000,558382.000000
0.918580,0.912732,1564.000000,1866.000000,5007.000000,1170.000000,548573.000000
1.014320,1.033980,1850.000000,1959.000000,5493.000000,1198.000000,531250.000000
1.012330,0.934009,1720.000000,2118.000000,5510.000000,1210.000000,589930.000000
1.118030,1.081890,2134.000000,2510.000000,6741.000000,1206.000000,623077.000000
1.118060,1.065630,1995.000000,2383.000000,6387.000000,1254.000000,599366.000000
1.109390,1.135050,2627.000000,3142.000000,8473.000000,1838.000000,746485.000000
1.243410,1.252560,2953.000000,3522.000000,9347.000000,1875.000000,746230.000000
1.257260,1.245700,3044.000000,3641.000000,9684.000000,1907.000000,777397.000000
1.257340,1.267740,3226.000000,3822.000000,9904.000000,1929.000000,781234.000000
1.434140,1.437230,3451.000000,4397.000000,11020.000000,1947.000000,766753.000000
1.518380,1.533410,3927.000000,4679.000000,11807.000000,1940.000000,769982.000000
1.616170,1.694450,4416.000000,5322.000000,13336.000000,1921.000000,787038.000000
1.843780,1.991500,4598.000000,4145.000000,12079.000000,1938.000000,606527.000000
1.725350,1.813050,5045.000000,4978.000000,13997.000000,1964.000000,772016.000000
1.879230,2.014260,5060.000000,5867.000000,14958.000000,1936.000000,742606.000000
2.337100,2.556590,6300.000000,7194.000000,18022.000000,1916.000000,704923.000000
3.035330,3.381850,7295.000000,7071.000000,19899.000000,1840.000000,588406.000000
3.136000,3.431720,7478.000000,5764.000000,20346.000000,1887.000000,592880.000000
2.533360,2.691510,6584.000000,6342.000000,20026.000000,1923.000000,744043.000000
2.912880,2.910630,6238.000000,7773.000000,20721.000000,1921.000000,711908.000000
3.444970,3.492320,7247.000000,11243.000000,26257.000000,1964.000000,751850.000000
4.161850,4.003700,8007.000000,15291.000000,31975.000000,1947.000000,798637.000000
4.551590,4.435340,8195.000000,16366.000000,34284.000000,1970.000000,772974.000000
4.465040,4.242150,8036.000000,16516.000000,34456.000000,1961.000000,812230.000000
4.551240,4.397190,8172.000000,17493.000000,36567.000000,1910.000000,831600.000000
4.082200,3.902560,7839.000000,13718.000000,31277.000000,1908.000000,801449.000000
3.388120,3.150730,6376.000000,10496.000000,24627.000000,1860.000000,781629.000000
2.991420,2.724220,5691.000000,8427.000000,20377.000000,1829.000000,747993.000000
2.615420,2.333360,5363.000000,6702.000000,17309.000000,1823.000000,741807.000000
2.090650,1.925000,4400.000000,5489.000000,14031.000000,1790.000000,728883.000000
1.861460,1.752430,4189.000000,5025.000000,12957.000000,1770.000000,739375.000000
1.613770,1.577040,3701.000000,4557.000000,11498.000000,1723.000000,729089.000000
1.421990,1.357660,3164.000000,3562.000000,9391.000000,1681.000000,691707.000000
1.338200,1.312230,3139.000000,3064.000000,8695.000000,1651.000000,662612.000000
1.199950,1.149370,2895.000000,2673.000000,7830.000000,1612.000000,681240.000000
1.148890,1.114510,2532.000000,2553.000000,7307.000000,1585.000000,655627.000000
1.121940,1.109840,2551.000000,2595.000000,7236.000000,1556.000000,651983.000000
1.067120,1.052400,2353.000000,2280.000000,6530.000000,1516.000000,620485.000000
1.050580,1.035360,2213.000000,2110.000000,6072.000000,1381.000000,586460.000000
1.152030,1.117770,2249.000000,1980.000000,5946.000000,1357.000000,531954.000000
0.970975,0.982949,2040.000000,1760.000000,5547.000000,1296.000000,564322.000000
0.894683,0.925194,1812.000000,1599.000000,4989.000000,1279.000000,539238.000000
0.843568,0.835531,1604.000000,1422.000000,4448.000000,1251.000000,532356.000000
0.815409,0.832393,1472.000000,1462.000000,4218.000000,1225.000000,506732.000000
0.823052,0.855591,1423.000000,1269.000000,4009.000000,1211.000000,468565.000000
0.674635,0.706949,1255.000000,1206.000000,3721.000000,1220.000000,526346.000000
0.631883,0.694387,1243.000000,1184.000000,3597.000000,1203.000000,518011.000000
0.641513,0.687976,1251.000000,1188.000000,3538.000000,1179.000000,514262.000000
0.529813,0.644743,1088.000000,1125.000000,3202.000000,1175.000000,496632.000000
0.644089,0.675330,1207.000000,1223.000000,3523.000000,1175.000000,521671.000000
0.667718,0.728230,1342.000000,1358.000000,3874.000000,1191.000000,531975.000000
0.705668,0.806526,1505.000000,1600.000000,4444.000000,1195.000000,551005.000000
0.804155,0.860408,1528.000000,1781.000000,4717.000000,1200.000000,548228.000000
0.907804,0.936075,1622.000000,1809.000000,4813.000000,1184.000000,514168.000000
1.005550,0.966683,1788.000000,2206.000000,5567.000000,1196.000000,575887.000000
1.036010,0.996007,1816.000000,2264.000000,5822.000000,1201.000000,584534.000000
1.075830,1.108460,2248.000000,2514.000000,6708.000000,1213.000000,605162.000000
1.160920,1.203450,3106.000000,3485.000000,9365.000000,1850.000000,778182.000000
1.197850,1.237770,3317.000000,3667.000000,9803.000000,1883.000000,791987.000000
1.279260,1.252590,3324.000000,3837.000000,9958.000000,1905.000000,794995.000000
1.291940,1.305460,3453.000000,4035.000000,10298.000000,1900.000000,788840.000000
1.428240,1.452950,3634.000000,4658.000000,11396.000000,1925.000000,784334.000000
1.398030,1.440890,3949.000000,4348.000000,11496.000000,1946.000000,797839.000000
1.458310,1.462210,3923.000000,4361.000000,11721.000000,1900.000000,801594.000000
1.565480,1.655730,4125.000000,3340.000000,10377.000000,1918.000000,626731.000000
1.343130,1.466060,4237.000000,3955.000000,11479.000000,1904.000000,782984.000000
1.481390,1.518110,3995.000000,4040.000000,11187.000000,1898.000000,736905.000000
1.633980,1.664290,4579.000000,4097.000000,12137.000000,1872.000000,729258.000000
1.831260,1.852740,5016.000000,3535.000000,11958.000000,1851.000000,645424.000000
2.104510,2.124130,5243.000000,3184.000000,12356.000000,1821.000000,581697.000000
1.736250,1.767090,4514.000000,3393.000000,11992.000000,1891.000000,678631.000000
1.550660,1.543400,4059.000000,3636.000000,11543.000000,1883.000000,747894.000000
1.628910,1.647620,4364.000000,4030.000000,11939.000000,1887.000000,724623.000000
1.760380,1.684300,4766.000000,4802.000000,13209.000000,1891.000000,784244.000000
1.927280,1.863540,5218.000000,5336.000000,14448.000000,1885.000000,775298.000000
1.919940,1.864080,5028.000000,5555.000000,14624.000000,1875.000000,784516.000000
2.099510,2.018390,5277.000000,5994.000000,15929.000000,1884.000000,789193.000000
2.239730,2.103850,5246.000000,5990.000000,16137.000000,1853.000000,767022.000000
2.219210,2.095550,5219.000000,6239.000000,16518.000000,1826.000000,788242.000000
2.166930,2.103980,4811.000000,6493.000000,15763.000000,1816.000000,749198.000000
2.389130,2.294100,5175.000000,6768.000000,17150.000000,1819.000000,747570.000000
1.964660,1.922230,4422.000000,5683.000000,14524.000000,1780.000000,755579.000000
1.842290,1.742390,3807.000000,5256.000000,13017.000000,1753.000000,747079.000000
1.686740,1.676010,3582.000000,4631.000000,11930.000000,1729.000000,711808.000000
1.531360,1.496370,3253.000000,4059.000000,10732.000000,1707.000000,717202.000000
1.379120,1.382020,3001.000000,4020.000000,10123.000000,1699.000000,732480.000000
1.295150,1.289260,2638.000000,3802.000000,9370.000000,1675.000000,726772.000000
1.395210,1.358030,2509.000000,3671.000000,8999.000000,1564.000000,662649.000000
1.325220,1.308330,2524.000000,3468.000000,8576.000000,1546.000000,655492.000000
1.230590,1.266920,2465.000000,3087.000000,8062.000000,1503.000000,636347.000000
1.230280,1.277310,2545.000000,3011.000000,7878.000000,1415.000000,616765.000000
1.268770,1.299100,2480.000000,2601.000000,7153.000000,1409.000000,550614.000000
1.107820,1.162970,2336.000000,2352.000000,6765.000000,1365.000000,581700.000000
1.095590,1.086120,2231.000000,2024.000000,6133.000000,1289.000000,564670.000000
1.110310,1.056800,2259.000000,1974.000000,6048.000000,1295.000000,572296.000000
1.106160,1.078710,2168.000000,1850.000000,5786.000000,1260.000000,536380.000000
1.108160,1.046620,1911.000000,1706.000000,5291.000000,1271.000000,505533.000000
0.999444,0.928152,1913.000000,1751.000000,5185.000000,1240.000000,558637.000000
0.924199,0.901936,1818.000000,1640.000000,4931.000000,1223.000000,546713.000000
0.949257,0.915356,1752.000000,1721.000000,5103.000000,1250.000000,557488.000000
0.978903,0.952548,1728.000000,1706.000000,5159.000000,1240.000000,541600.000000
0.925024,0.916661,1660.000000,1718.000000,5026.000000,1248.000000,548294.000000
0.848456,0.901787,1721.000000,1755.000000,5051.000000,1238.000000,560110.000000
1.044510,1.033150,2098.000000,2128.000000,6141.000000,1238.000000,594395.000000
1.098600,1.052380,1958.000000,2335.000000,6318.000000,1238.000000,600354.000000
1.220710,1.127130,1886.000000,2294.000000,6296.000000,1242.000000,558585.000000
1.249760,1.186600,2176.000000,2870.000000,7382.000000,1252.000000,622114.000000
1.228920,1.214150,2295.000000,2972.000000,7656.000000,1268.000000,630563.000000
1.293930,1.251980,2421.000000,2867.000000,7807.000000,1248.000000,623572.000000
1.230340,1.205590,2773.000000,3691.000000,9395.000000,1932.000000,779285.000000
1.327800,1.319290,2960.000000,4007.000000,10158.000000,1940.000000,769959.000000
1.339950,1.327370,3202.000000,4233.000000,10585.000000,1968.000000,797444.000000
1.378420,1.366880,3346.000000,4268.000000,10913.000000,1958.000000,798388.000000
1.500850,1.505350,3326.000000,4422.000000,11061.000000,1929.000000,734781.000000
1.651630,1.612730,3733.000000,5145.000000,12674.000000,1974.000000,785871.000000
1.767460,1.752080,4034.000000,5526.000000,13623.000000,1966.000000,777534.000000
2.306090,2.333650,4651.000000,5387.000000,14650.000000,1968.000000,627772.000000
2.163240,2.226800,5102.000000,7018.000000,18521.000000,2006.000000,831730.000000
2.830380,2.976570,6486.000000,10857.000000,24877.000000,2006.000000,835762.000000
3.437610,3.625520,7446.000000,12945.000000,29432.000000,1977.000000,811800.000000
4.305540,4.553200,8546.000000,13971.000000,34332.000000,1908.000000,754019.000000
6.060820,6.025980,9709.000000,11391.000000,36588.000000,1905.000000,607171.000000
4.649310,4.963680,8444.000000,9108.000000,34103.000000,1982.000000,687051.000000
4.325840,4.690720,8297.000000,13424.000000,39896.000000,1995.000000,850531.000000
4.511130,4.704730,8633.000000,15992.000000,39441.000000,2008.000000,838326.000000
4.217100,4.164600,7441.000000,13439.000000,32426.000000,1978.000000,778610.000000
3.789560,3.695330,6609.000000,12653.000000,29808.000000,1963.000000,806640.000000
3.292060,3.236300,5757.000000,10816.000000,24987.000000,1931.000000,772086.000000
3.019700,2.894210,5289.000000,9395.000000,22321.000000,1926.000000,771229.000000
2.714990,2.717420,5099.000000,8415.000000,20519.000000,1940.000000,755092.000000
2.484500,2.522970,4633.000000,7981.000000,19231.000000,1893.000000,762238.000000
2.578080,2.552270,4791.000000,7709.000000,18829.000000,1884.000000,737736.000000
2.392370,2.432250,4480.000000,7065.000000,17392.000000,1846.000000,715059.000000
2.067780,2.108510,3957.000000,6095.000000,15254.000000,1825.000000,723449.000000
1.902810,1.947250,3830.000000,5204.000000,13714.000000,1811.000000,704276.000000
1.659020,1.748590,3516.000000,4299.000000,12273.000000,1769.000000,701881.000000
1.430060,1.497130,3110.000000,3929.000000,10818.000000,1742.000000,722583.000000
1.277570,1.323130,2707.000000,3509.000000,9188.000000,1732.000000,694415.000000
1.190090,1.226470,2588.000000,3364.000000,8589.000000,1711.000000,700300.000000
1.095560,1.196140,2439.000000,3142.000000,7986.000000,1675.000000,667648.000000
1.085890,1.190490,2422.000000,2877.000000,7704.000000,1630.000000,647130.000000
1.073430,1.174260,2431.000000,2583.000000,7317.000000,1582.000000,623114.000000
1.016770,1.133420,2230.000000,2219.000000,6589.000000,1489.000000,581338.000000
1.048470,1.143060,2109.000000,2094.000000,6190.000000,1486.000000,541528.000000
0.920349,1.008810,1983.000000,1779.000000,5638.000000,1421.000000,558875.000000
0.920779,1.023580,1969.000000,1713.000000,5539.000000,1419.000000,541138.000000
0.904333,1.001380,1877.000000,1766.000000,5474.000000,1405.000000,546643.000000
0.830570,0.909498,1703.000000,1581.000000,4915.000000,1389.000000,540408.000000
0.862837,0.950042,1594.000000,1489.000000,4506.000000,1357.000000,474295.000000
0.732182,0.829299,1576.000000,1491.000000,4510.000000,1362.000000,543833.000000
0.724558,0.802109,1432.000000,1405.000000,4186.000000,1341.000000,521874.000000
0.740848,0.806333,1416.000000,1464.000000,4233.000000,1325.000000,524969.000000
0.726037,0.796937,1216.000000,1284.000000,3886.000000,1290.000000,487617.000000
0.755639,0.779136,1367.000000,1338.000000,4075.000000,1299.000000,523015.000000
0.761847,0.797653,1364.000000,1366.000000,4168.000000,1276.000000,522533.000000
0.779896,0.825485,1331.000000,1561.000000,4317.000000,1265.000000,522965.000000
0.899138,0.935469,1499.000000,1814.000000,5053.000000,1260.000000,540157.000000
0.999524,1.043450,1681.000000,2035.000000,5626.000000,1317.000000,539175.000000
1.055800,1.091070,1926.000000,2437.000000,6374.000000,1307.000000,584196.000000
1.096700,1.201080,2175.000000,2683.000000,7110.000000,1290.000000,591969.000000
1.247090,1.261790,2393.000000,2963.000000,7963.000000,1364.000000,631088.000000
1.157460,1.132490,2974.000000,3769.000000,9677.000000,1960.000000,854487.000000
1.271840,1.211210,3276.000000,3925.000000,10420.000000,1990.000000,860298.000000
1.316230,1.256820,3483.000000,3880.000000,10658.000000,2018.000000,848016.000000
1.374440,1.370970,3930.000000,4484.000000,12036.000000,2027.000000,877917.000000
1.467810,1.429560,4045.000000,4642.000000,12502.000000,2028.000000,874537.000000
1.583400,1.535880,4434.000000,5062.000000,13498.000000,2017.000000,878845.000000
1.602530,1.602670,4643.000000,5000.000000,13927.000000,2054.000000,868987.000000
1.723440,1.732670,4835.000000,5579.000000,15168.000000,2012.000000,875411.000000
2.110760,2.098580,4937.000000,4313.000000,13975.000000,2042.000000,665926.000000
2.170800,2.213740,5549.000000,6579.000000,18920.000000,2055.000000,854664.000000
2.369710,2.416740,5501.000000,7046.000000,19398.000000,2054.000000,802651.000000
3.159970,3.030710,6555.000000,8406.000000,24697.000000,2009.000000,814891.000000
4.590530,4.387240,7814.000000,7485.000000,26988.000000,2007.000000,615148.000000
4.281950,4.211200,7488.000000,6726.000000,28654.000000,2033.000000,680424.000000
3.562880,3.464920,6233.000000,7881.000000,28147.000000,2059.000000,812343.000000
3.363780,3.316980,6007.000000,9517.000000,28370.000000,2049.000000,855297.000000
3.396590,3.240700,5878.000000,8858.000000,25502.000000,2062.000000,786928.000000
3.119220,2.885980,5133.000000,8714.000000,23484.000000,2051.000000,813726.000000
2.835720,2.621720,4729.000000,7711.000000,21085.000000,2051.000000,804244.000000
2.484840,2.340670,4210.000000,6717.000000,18195.000000,2018.000000,777340.000000
2.274100,2.120590,4250.000000,6121.000000,17234.000000,2025.000000,812700.000000
2.072440,1.910940,3953.000000,5875.000000,15914.000000,1978.000000,832786.000000
1.982070,1.902300,3775.000000,5575.000000,15044.000000,1944.000000,790831.000000
1.824410,1.766190,3616.000000,5022.000000,14024.000000,1904.000000,794024.000000
1.820360,1.857910,3798.000000,5611.000000,14926.000000,1922.000000,803374.000000
1.753910,1.820940,3523.000000,5812.000000,14661.000000,1887.000000,805133.000000
1.745420,1.834530,3582.000000,5659.000000,14637.000000,1866.000000,797863.000000
1.672360,1.754460,3574.000000,5587.000000,14206.000000,1845.000000,809707.000000
1.516590,1.516360,3130.000000,4279.000000,11723.000000,1810.000000,773101.000000
1.447780,1.403340,2846.000000,3770.000000,10814.000000,1771.000000,770592.000000
1.290280,1.259300,2501.000000,3591.000000,9648.000000,1746.000000,766139.000000
1.373880,1.324820,2789.000000,3615.000000,9775.000000,1714.000000,737834.000000
1.342080,1.275760,2544.000000,3256.000000,9033.000000,1660.000000,708049.000000
1.345630,1.294830,2733.000000,3068.000000,8797.000000,1570.000000,679395.000000
1.212910,1.226100,2528.000000,2459.000000,7658.000000,1554.000000,624582.000000
1.192910,1.145380,2383.000000,2349.000000,7229.000000,1461.000000,631143.000000
1.141460,1.067800,2227.000000,2181.000000,6783.000000,1461.000000,635233.000000
1.065030,1.072690,2159.000000,2009.000000,6369.000000,1392.000000,593740.000000
1.126690,1.012980,2049.000000,1917.000000,6038.000000,1411.000000,596063.000000
0.947353,0.994705,1865.000000,1688.000000,5352.000000,1388.000000,538049.000000
0.944187,0.880862,1758.000000,1623.000000,5295.000000,1394.000000,601116.000000
0.934822,0.858173,1582.000000,1621.000000,5083.000000,1376.000000,592305.000000
0.817360,0.805152,1455.000000,1450.000000,4765.000000,1372.000000,591814.000000
0.852792,0.818781,1450.000000,1655.000000,4942.000000,1378.000000,603580.000000
0.746994,0.783735,1460.000000,1528.000000,4744.000000,1382.000000,605307.000000
0.761098,0.848703,1528.000000,1631.000000,4980.000000,1369.000000,586778.000000
0.767627,0.834146,1569.000000,1813.000000,5305.000000,1371.000000,635980.000000
0.862176,0.905981,1684.000000,2184.000000,5799.000000,1353.000000,640080.000000
0.984907,1.045060,1753.000000,2258.000000,6050.000000,1352.000000,578913.000000
1.162870,1.168160,2300.000000,3316.000000,8130.000000,1401.000000,695966.000000
1.227310,1.276490,2535.000000,3650.000000,8888.000000,1405.000000,696282.000000
1.207100,1.297580,2522.000000,3447.000000,8874.000000,1407.000000,683887.000000
1.161910,1.206120,2958.000000,3994.000000,10150.000000,1937.000000,841540.000000
1.309050,1.324850,3055.000000,4437.000000,10977.000000,1960.000000,828544.000000
1.370720,1.411920,3442.000000,4728.000000,11941.000000,2000.000000,845727.000000
1.433730,1.425470,3455.000000,4955.000000,12292.000000,2008.000000,862314.000000
1.427910,1.439090,3632.000000,5102.000000,12313.000000,2053.000000,855608.000000
1.616050,1.615320,4277.000000,5799.000000,13853.000000,2058.000000,857601.000000
1.659760,1.664730,4424.000000,5816.000000,14062.000000,1997.000000,844700.000000
2.054590,2.005800,4740.000000,7322.000000,16674.000000,2058.000000,831289.000000
2.535410,2.622270,5432.000000,6848.000000,17602.000000,2067.000000,671251.000000
2.542530,2.607490,6185.000000,9106.000000,22905.000000,2097.000000,878430.000000
3.605630,3.417800,7424.000000,13050.000000,29172.000000,2069.000000,853532.000000
4.909760,4.465550,9270.000000,16418.000000,37382.000000,2016.000000,837119.000000
5.982210,6.114970,10363.000000,13951.000000,40533.000000,1984.000000,662849.000000
5.474210,5.309790,9732.000000,9406.000000,36891.000000,1983.000000,694773.000000
4.213740,4.078980,7160.000000,9589.000000,31483.000000,1958.000000,771835.000000
4.210220,3.937620,7044.000000,11966.000000,31204.000000,1971.000000,792459.000000
4.259680,4.150760,7840.000000,13949.000000,33221.000000,1966.000000,800359.000000
3.977610,3.878990,7118.000000,13159.000000,30621.000000,1955.000000,789407.000000
3.634430,3.457940,6656.000000,12093.000000,28151.000000,1950.000000,814097.000000
3.265270,3.063590,6429.000000,10328.000000,25218.000000,1917.000000,823153.000000
2.930830,2.826460,5537.000000,8164.000000,21109.000000,1907.000000,746836.000000
2.544740,2.359900,4823.000000,7280.000000,19178.000000,1934.000000,812660.000000
2.472270,2.334720,4639.000000,7116.000000,18441.000000,1912.000000,789858.000000
2.356650,2.212860,4710.000000,6748.000000,17833.000000,1907.000000,805881.000000
2.170080,2.076190,4559.000000,6084.000000,16695.000000,1883.000000,804117.000000
2.042970,2.012670,4418.000000,6003.000000,16122.000000,1848.000000,801027.000000
1.954000,1.941920,4174.000000,5623.000000,14975.000000,1819.000000,771143.000000
1.722870,1.748090,3903.000000,4634.000000,13733.000000,1820.000000,785602.000000
1.536940,1.503670,3448.000000,4214.000000,12044.000000,1813.000000,800974.000000
1.382830,1.434940,3182.000000,4011.000000,10860.000000,1768.000000,756827.000000
1.462650,1.456730,3203.000000,4280.000000,11095.000000,1753.000000,761638.000000
1.389340,1.428360,3106.000000,4079.000000,10694.000000,1735.000000,748690.000000
1.346800,1.352970,2805.000000,3641.000000,9671.000000,1688.000000,714799.000000
1.254520,1.330930,2754.000000,3296.000000,9024.000000,1622.000000,678023.000000
1.216360,1.284220,2593.000000,2714.000000,7913.000000,1579.000000,616171.000000
1.167340,1.138890,2211.000000,2345.000000,6946.000000,1505.000000,609891.000000
1.046540,1.103430,2109.000000,2284.000000,6744.000000,1455.000000,611184.000000
0.943661,0.970748,1734.000000,2046.000000,5850.000000,1459.000000,602628.000000
0.935046,0.998681,1897.000000,1921.000000,5913.000000,1445.000000,592081.000000
0.934726,0.978057,1678.000000,1701.000000,5232.000000,1417.000000,534938.000000
0.864118,0.866431,1546.000000,1675.000000,5116.000000,1428.000000,590468.000000
0.806535,0.827757,1487.000000,1609.000000,4870.000000,1411.000000,588337.000000
0.742747,0.797572,1383.000000,1498.000000,4626.000000,1401.000000,580010.000000
0.737859,0.811221,1415.000000,1459.000000,4605.000000,1352.000000,567663.000000
0.743224,0.821165,1392.000000,1590.000000,4753.000000,1364.000000,578812.000000
0.805251,0.819435,1330.000000,1667.000000,4750.000000,1340.000000,579668.000000
0.816943,0.848041,1429.000000,1815.000000,5173.000000,1356.000000,609994.000000
0.814518,0.888524,1687.000000,2033.000000,5648.000000,1362.000000,635661.000000
0.860670,0.962826,1636.000000,2292.000000,5963.000000,1354.000000,619323.000000
0.886704,1.022520,1714.000000,2169.000000,5970.000000,1349.000000,583853.000000
